Obs,Grocery_Bill,N_Adults,Family_Income,N_Vehicles,Distance_to_Store,Vegetarian,N_Children,Family_Pet
1,$357.73 ,2,"$142,141 ",3,15,0,2,1
2,$276.84 ,2,"$145,916 ",1,4,0,0,0
3,$197.92 ,1,"$86,185 ",2,14,0,0,0
4,$315.75 ,2,"$145,998 ",1,8,0,1,0
5,$202.89 ,1,"$79,341 ",2,19,1,0,0
6,$197.30 ,1,"$77,115 ",1,2,0,1,1
7,$195.20 ,1,"$73,725 ",1,4,0,1,0
8,$232.51 ,1,"$88,371 ",2,8,0,0,0
9,$146.32 ,1,"$75,942 ",3,8,0,0,0
10,$125.05 ,1,"$70,298 ",0,2,0,0,0
11,$226.49 ,1,"$75,117 ",2,8,0,1,1
12,$153.20 ,1,"$84,099 ",2,1,0,0,0
13,$210.36 ,2,"$133,674 ",2,2,0,0,0
14,$328.55 ,2,"$140,138 ",2,1,0,3,0
15,$171.81 ,1,"$79,702 ",1,5,0,0,1
16,$152.58 ,1,"$71,737 ",1,2,0,0,1
17,$349.30 ,2,"$111,318 ",3,7,1,2,0
18,$199.17 ,1,"$87,733 ",2,2,0,0,0
19,$320.72 ,3,"$118,580 ",1,2,0,0,0
20,$340.49 ,2,"$145,432 ",2,1,0,2,0
21,$180.63 ,1,"$92,251 ",3,2,0,0,0
22,$262.94 ,2,"$142,738 ",3,15,0,0,1
23,$191.03 ,1,"$92,229 ",2,5,0,0,1
24,$238.06 ,1,"$70,334 ",2,18,0,0,0
25,$245.99 ,2,"$125,378 ",1,5,0,0,0
26,$223.94 ,1,"$80,080 ",3,18,0,0,0
27,$165.03 ,1,"$82,583 ",2,3,0,0,0
28,$121.66 ,1,"$74,193 ",0,3,0,0,0
29,$254.96 ,2,"$135,549 ",1,3,0,0,0
30,$298.88 ,2,"$114,622 ",2,1,0,1,0
31,$215.28 ,1,"$92,582 ",1,16,0,0,0
32,$193.94 ,1,"$79,729 ",1,7,0,0,0
33,$189.21 ,1,"$92,773 ",2,12,0,0,0
34,$199.47 ,1,"$82,783 ",3,13,0,0,0
35,$193.08 ,1,"$80,541 ",0,8,0,0,1
36,$166.77 ,1,"$81,689 ",1,5,0,0,1
37,$247.30 ,1,"$70,189 ",1,17,0,1,0
38,$271.74 ,2,"$117,565 ",1,3,0,2,1
39,$433.71 ,2,"$144,983 ",3,6,0,3,0
40,$276.48 ,2,"$112,576 ",2,1,0,2,0
41,$149.91 ,1,"$91,032 ",2,1,0,0,0
42,$199.06 ,1,"$71,648 ",3,4,0,1,0
43,$248.14 ,2,"$121,292 ",1,1,0,0,0
44,$353.79 ,2,"$143,403 ",3,7,0,2,1
45,$196.95 ,1,"$73,542 ",1,6,0,0,1
46,$174.85 ,1,"$83,166 ",3,6,0,0,0
47,$290.44 ,2,"$125,058 ",3,1,0,1,0
48,$271.55 ,2,"$123,556 ",0,1,0,1,0
49,$150.25 ,1,"$84,023 ",3,1,0,0,1
50,$203.58 ,1,"$87,488 ",1,12,0,0,0
51,$152.48 ,1,"$82,898 ",3,2,0,0,0
52,$208.06 ,1,"$90,899 ",2,19,0,0,0
53,$232.43 ,1,"$91,812 ",1,15,0,0,0
54,$407.94 ,3,"$123,296 ",2,4,0,2,0
55,$179.10 ,1,"$75,906 ",2,14,0,1,0
56,$167.13 ,1,"$77,008 ",1,6,0,0,1
57,$178.46 ,1,"$86,762 ",3,3,0,0,0
58,$170.56 ,1,"$86,909 ",1,8,0,0,1
59,$431.05 ,2,"$127,294 ",2,15,0,3,0
60,$184.60 ,1,"$82,113 ",0,5,0,0,1
61,$163.63 ,1,"$83,854 ",2,9,0,0,0
62,$184.58 ,1,"$82,138 ",1,14,0,0,0
63,$300.62 ,2,"$116,628 ",1,10,0,0,0
64,$234.69 ,1,"$93,194 ",1,9,0,1,0
65,$304.72 ,2,"$136,723 ",1,1,0,3,0
66,$371.50 ,2,"$121,625 ",3,2,0,3,0
67,$202.65 ,2,"$112,862 ",2,2,0,0,0
68,$321.67 ,2,"$121,573 ",2,13,0,1,0
69,$258.39 ,2,"$120,569 ",3,2,0,0,0
70,$163.96 ,1,"$87,004 ",3,2,0,0,0
71,$311.57 ,2,"$134,373 ",1,1,0,0,0
72,$170.43 ,1,"$81,861 ",3,5,0,0,0
73,$336.69 ,3,"$121,268 ",3,2,0,0,1
74,$220.75 ,1,"$72,413 ",0,13,0,0,1
75,$192.27 ,1,"$82,942 ",1,14,0,0,0
76,$215.06 ,2,"$127,797 ",3,9,0,0,0
77,$211.91 ,1,"$73,225 ",3,3,0,0,0
78,$270.69 ,3,"$120,569 ",2,2,0,0,0
79,$210.01 ,1,"$87,070 ",2,6,1,1,0
80,$139.28 ,1,"$85,280 ",1,4,0,0,1
81,$160.84 ,1,"$71,568 ",3,2,0,0,0
82,$337.44 ,2,"$112,257 ",3,12,0,3,0
83,$200.46 ,1,"$74,481 ",3,5,0,0,0
84,$244.48 ,2,"$121,372 ",2,2,0,0,0
85,$317.72 ,2,"$119,911 ",2,2,0,3,1
86,$212.06 ,1,"$74,009 ",3,13,0,0,1
87,$235.11 ,1,"$82,628 ",2,11,0,1,1
88,$261.14 ,2,"$111,943 ",1,18,0,0,0
89,$329.03 ,2,"$130,818 ",2,17,0,1,0
90,$263.50 ,2,"$145,252 ",2,14,0,0,0
91,$269.67 ,2,"$118,201 ",1,1,0,1,0
92,$222.79 ,1,"$91,021 ",1,1,1,0,0
93,$245.12 ,2,"$125,745 ",3,2,0,0,0
94,$272.12 ,2,"$137,562 ",1,1,0,0,0
95,$345.92 ,2,"$126,541 ",2,7,0,1,0
96,$212.01 ,2,"$130,137 ",1,1,0,0,0
97,$171.74 ,1,"$82,585 ",3,8,0,0,1
98,$433.44 ,3,"$123,674 ",1,8,0,0,0
99,$317.22 ,2,"$141,300 ",3,4,0,2,1
100,$224.79 ,1,"$70,046 ",3,11,0,1,0
101,$152.37 ,1,"$91,167 ",1,2,0,0,0
102,$323.73 ,2,"$134,997 ",3,7,0,1,0
103,$180.98 ,1,"$87,969 ",1,4,0,0,0
104,$202.30 ,1,"$92,684 ",3,14,0,0,0
105,$171.90 ,1,"$82,346 ",0,5,0,0,0
106,$277.47 ,3,"$116,144 ",3,1,0,2,0
107,$434.63 ,2,"$145,446 ",1,3,0,3,0
108,$153.67 ,1,"$82,514 ",2,6,0,0,0
109,$397.41 ,2,"$141,676 ",1,9,0,0,0
110,$172.06 ,1,"$73,788 ",2,2,0,0,0
111,$419.08 ,2,"$130,718 ",1,19,0,3,1
112,$182.03 ,1,"$84,029 ",3,1,0,0,0
113,$205.81 ,1,"$75,673 ",1,13,0,0,0
114,$214.42 ,1,"$88,501 ",3,13,1,0,1
115,$199.85 ,2,"$129,591 ",3,2,0,0,0
116,$287.49 ,2,"$116,701 ",2,2,0,0,0
117,$200.93 ,1,"$90,213 ",1,9,0,0,1
118,$176.99 ,2,"$138,312 ",3,3,0,0,0
119,$186.44 ,1,"$77,009 ",1,1,0,0,0
120,$146.71 ,1,"$78,975 ",2,1,0,0,0
121,$158.03 ,1,"$71,040 ",3,1,0,0,1
122,$210.13 ,1,"$86,188 ",0,4,0,1,0
123,$264.46 ,2,"$144,865 ",3,1,0,0,0
124,$391.56 ,2,"$128,047 ",2,4,0,3,0
125,$183.17 ,1,"$77,178 ",0,12,0,1,0
126,$212.93 ,1,"$89,294 ",1,12,0,0,0
127,$137.97 ,1,"$70,769 ",1,2,0,0,0
128,$248.47 ,1,"$92,887 ",1,13,1,1,0
129,$216.00 ,1,"$85,332 ",1,14,0,0,0
130,$169.43 ,1,"$82,565 ",1,8,0,0,0
131,$161.56 ,1,"$79,226 ",3,11,0,0,0
132,$205.12 ,1,"$84,058 ",2,17,0,0,0
133,$216.54 ,2,"$111,410 ",0,1,0,0,0
134,$325.68 ,2,"$137,936 ",3,6,0,1,0
135,$175.73 ,1,"$76,464 ",1,5,0,0,0
136,$388.40 ,2,"$110,129 ",2,13,0,3,1
137,$294.78 ,2,"$128,629 ",1,9,0,0,0
138,$360.63 ,2,"$137,113 ",3,5,0,3,0
139,$116.46 ,1,"$92,072 ",3,1,0,0,0
140,$171.59 ,1,"$91,551 ",2,1,0,0,0
141,$196.98 ,2,"$142,116 ",3,1,0,0,0
142,$163.89 ,1,"$88,985 ",2,3,0,0,0
143,$186.53 ,1,"$92,458 ",1,4,0,0,0
144,$165.37 ,1,"$71,494 ",1,2,0,0,0
145,$278.65 ,2,"$141,514 ",1,4,1,1,0
146,$162.82 ,1,"$88,746 ",2,4,0,0,0
147,$224.37 ,1,"$79,486 ",3,13,0,1,0
148,$265.34 ,2,"$135,779 ",1,2,0,0,0
149,$154.56 ,1,"$70,691 ",1,2,0,1,0
150,$176.23 ,1,"$78,311 ",1,15,0,0,0
151,$196.79 ,1,"$80,019 ",1,2,0,1,0
152,$147.18 ,1,"$79,742 ",0,6,0,0,0
153,$161.47 ,1,"$82,862 ",3,3,0,0,1
154,$382.19 ,2,"$137,848 ",1,18,0,1,1
155,$282.79 ,2,"$111,127 ",1,2,0,0,0
156,$138.99 ,1,"$92,073 ",3,6,0,0,0
157,$135.70 ,1,"$75,545 ",3,3,0,0,0
158,$157.08 ,1,"$90,368 ",1,2,0,0,0
159,$152.14 ,1,"$88,223 ",2,1,1,0,0
160,$219.24 ,1,"$76,261 ",0,11,0,1,0
161,$184.21 ,1,"$91,857 ",3,4,0,0,0
162,$222.13 ,1,"$91,004 ",3,5,0,0,0
163,$277.67 ,2,"$145,419 ",1,3,0,0,0
164,$386.12 ,2,"$140,241 ",2,14,0,0,0
165,$219.02 ,1,"$86,381 ",3,8,0,0,0
166,$215.95 ,1,"$89,335 ",0,7,0,0,1
167,$412.72 ,2,"$140,896 ",1,18,0,2,0
168,$304.31 ,2,"$127,081 ",1,4,0,0,1
169,$297.91 ,2,"$143,251 ",3,6,0,0,0
170,$276.18 ,2,"$136,335 ",1,2,0,1,1
171,$424.00 ,3,"$142,416 ",2,6,0,2,0
172,$353.65 ,2,"$131,124 ",2,4,1,0,1
173,$158.85 ,1,"$80,439 ",2,2,0,0,0
174,$159.29 ,1,"$74,641 ",3,3,0,0,0
175,$180.29 ,1,"$70,913 ",3,13,1,0,0
176,$226.97 ,1,"$84,595 ",1,15,0,0,1
177,$184.94 ,1,"$87,921 ",3,3,0,0,0
178,$324.58 ,2,"$114,157 ",3,2,0,1,0
179,$221.26 ,1,"$92,660 ",2,15,0,0,0
180,$151.23 ,1,"$84,773 ",1,4,1,0,0
181,$212.65 ,1,"$85,648 ",2,14,0,0,0
182,$354.03 ,3,"$133,610 ",2,2,0,0,0
183,$113.11 ,1,"$74,642 ",3,1,0,0,0
184,$187.06 ,1,"$82,694 ",2,13,0,0,0
185,$160.21 ,1,"$89,141 ",2,9,0,0,0
186,$164.23 ,1,"$73,297 ",2,2,0,0,0
187,$382.39 ,2,"$116,550 ",1,4,0,3,0
188,$160.46 ,1,"$79,695 ",1,3,0,0,0
189,$351.05 ,2,"$146,480 ",3,3,0,1,0
190,$184.57 ,1,"$73,418 ",3,4,0,0,1
191,$198.04 ,1,"$82,488 ",3,4,0,0,0
192,$273.98 ,2,"$137,941 ",2,3,0,0,1
193,$221.77 ,1,"$88,624 ",0,10,0,0,0
194,$285.15 ,2,"$112,202 ",2,1,0,3,0
195,$309.50 ,2,"$124,424 ",3,2,0,0,0
196,$276.53 ,2,"$133,961 ",3,6,0,0,0
197,$211.93 ,1,"$73,509 ",2,17,0,0,1
198,$148.74 ,1,"$72,872 ",0,1,0,0,0
199,$244.59 ,2,"$112,489 ",2,1,0,0,0
200,$137.44 ,1,"$89,604 ",3,1,0,0,0
201,$213.69 ,2,"$116,013 ",3,6,0,0,1
202,$231.71 ,1,"$84,412 ",1,16,0,0,0
203,$213.22 ,1,"$92,094 ",3,18,0,0,0
204,$273.03 ,2,"$131,524 ",3,3,0,0,0
205,$160.79 ,1,"$86,248 ",3,3,0,0,0
206,$311.96 ,2,"$133,713 ",3,9,0,0,0
207,$290.38 ,2,"$129,292 ",2,1,0,1,0
208,$197.93 ,2,"$139,993 ",1,2,0,0,0
209,$186.65 ,1,"$75,580 ",3,10,0,0,0
210,$336.64 ,2,"$146,195 ",1,14,0,1,0
211,$344.81 ,3,"$132,398 ",0,4,0,2,0
212,$234.78 ,1,"$81,103 ",1,14,0,1,0
213,$384.09 ,2,"$137,533 ",1,2,0,1,0
214,$198.94 ,1,"$70,650 ",1,12,1,0,0
215,$293.38 ,2,"$140,666 ",2,1,0,1,0
216,$327.80 ,2,"$110,679 ",1,5,0,1,0
217,$304.75 ,2,"$116,951 ",1,10,1,0,0
218,$213.32 ,1,"$90,361 ",1,18,0,0,0
219,$300.41 ,2,"$110,297 ",1,5,0,2,1
220,$145.08 ,1,"$71,598 ",2,3,0,0,0
221,$371.45 ,2,"$118,721 ",3,3,0,3,1
222,$373.65 ,2,"$137,802 ",2,13,0,3,0
223,$310.05 ,2,"$115,589 ",1,8,0,0,0
224,$178.97 ,1,"$86,784 ",3,5,0,0,0
225,$408.29 ,3,"$135,123 ",2,7,0,1,0
226,$262.21 ,2,"$141,552 ",3,1,0,0,0
227,$198.95 ,1,"$77,764 ",1,9,0,0,0
228,$309.52 ,2,"$121,117 ",2,6,0,0,0
229,$176.52 ,1,"$92,293 ",1,1,0,0,0
230,$356.11 ,2,"$134,424 ",3,7,0,3,0
231,$334.70 ,2,"$140,697 ",2,5,0,0,1
232,$223.24 ,2,"$123,766 ",2,1,0,1,1
233,$141.40 ,1,"$79,449 ",3,5,0,0,0
234,$326.42 ,3,"$138,772 ",3,2,0,0,1
235,$358.47 ,2,"$116,586 ",2,6,0,2,0
236,$259.33 ,2,"$138,305 ",1,2,0,2,0
237,$162.88 ,1,"$91,924 ",3,7,0,0,0
238,$174.59 ,1,"$83,155 ",0,1,0,0,1
239,$417.56 ,2,"$145,221 ",3,3,0,1,0
240,$209.60 ,1,"$74,329 ",1,10,0,0,0
241,$301.22 ,2,"$114,550 ",2,3,0,1,0
242,$315.79 ,2,"$123,313 ",2,7,0,0,0
243,$190.78 ,1,"$88,091 ",3,2,0,0,0
244,$205.07 ,2,"$131,373 ",3,1,0,0,0
245,$122.81 ,1,"$70,498 ",3,1,0,0,0
246,$347.37 ,2,"$131,425 ",1,15,0,2,0
247,$149.40 ,1,"$83,408 ",2,1,0,0,0
248,$332.19 ,2,"$126,119 ",1,12,0,0,0
249,$168.34 ,1,"$85,277 ",3,13,0,0,0
250,$279.53 ,2,"$111,379 ",2,3,1,1,1
251,$179.27 ,1,"$88,837 ",3,3,0,0,0
252,$184.58 ,1,"$71,641 ",1,5,0,0,0
253,$169.70 ,1,"$85,905 ",3,4,0,0,1
254,$282.92 ,2,"$132,080 ",1,2,0,1,0
255,$323.10 ,2,"$123,967 ",1,11,0,0,0
256,$524.07 ,3,"$143,977 ",1,16,0,2,0
257,$189.00 ,2,"$126,638 ",1,1,0,0,0
258,$152.17 ,1,"$73,140 ",1,1,0,0,0
259,$224.49 ,2,"$145,138 ",2,2,0,0,0
260,$176.11 ,1,"$72,002 ",2,2,0,0,0
261,$223.04 ,1,"$84,182 ",1,14,0,0,0
262,$256.05 ,2,"$136,749 ",3,5,0,1,0
263,$438.96 ,3,"$112,969 ",2,6,0,3,0
264,$155.97 ,1,"$83,887 ",1,2,0,0,0
265,$146.16 ,1,"$76,334 ",3,2,0,0,0
266,$348.14 ,2,"$134,026 ",1,20,0,1,0
267,$153.60 ,1,"$70,585 ",0,9,0,0,0
268,$183.03 ,1,"$76,434 ",1,6,0,0,0
269,$362.51 ,2,"$133,539 ",1,16,0,2,1
270,$170.38 ,1,"$78,961 ",3,4,1,0,0
271,$185.12 ,1,"$85,417 ",3,2,0,0,1
272,$334.77 ,2,"$145,592 ",3,2,0,0,0
273,$179.08 ,1,"$72,711 ",3,5,0,0,0
274,$185.03 ,1,"$81,737 ",1,10,0,0,0
275,$164.49 ,1,"$82,080 ",3,2,0,0,1
276,$292.55 ,2,"$110,167 ",1,9,0,1,0
277,$253.12 ,2,"$132,522 ",1,2,0,0,0
278,$229.38 ,1,"$78,067 ",3,10,0,0,0
279,$376.78 ,2,"$144,116 ",1,14,0,2,0
280,$227.26 ,1,"$79,197 ",3,20,0,0,0
281,$321.23 ,2,"$115,057 ",1,12,0,0,0
282,$167.59 ,1,"$71,527 ",3,6,0,0,1
283,$175.83 ,1,"$86,432 ",3,8,0,0,0
284,$229.34 ,2,"$116,129 ",2,2,0,0,0
285,$162.09 ,1,"$83,841 ",2,2,0,0,0
286,$212.71 ,1,"$79,432 ",3,15,0,0,0
287,$313.14 ,2,"$143,255 ",1,2,0,3,0
288,$187.17 ,1,"$75,529 ",1,1,0,0,0
289,$154.62 ,1,"$93,144 ",2,2,0,0,0
290,$211.21 ,1,"$79,328 ",1,14,0,0,0
291,$199.92 ,1,"$77,100 ",3,3,0,1,0
292,$223.55 ,3,"$135,448 ",3,3,0,0,0
293,$118.36 ,1,"$75,613 ",3,1,0,0,0
294,$149.29 ,1,"$80,267 ",3,4,0,0,0
295,$180.32 ,1,"$76,825 ",3,9,0,0,0
296,$211.76 ,1,"$89,950 ",3,18,0,0,0
297,$167.55 ,1,"$74,043 ",3,4,0,0,0
298,$152.89 ,1,"$83,789 ",2,5,0,0,0
299,$176.35 ,1,"$72,143 ",1,4,0,0,0
300,$308.76 ,2,"$142,386 ",2,7,0,0,0
301,$151.88 ,1,"$74,744 ",2,4,0,0,0
302,$354.89 ,2,"$131,676 ",3,19,0,0,0
303,$135.82 ,1,"$92,579 ",1,2,1,0,1
304,$164.59 ,1,"$72,117 ",3,1,0,0,0
305,$238.79 ,2,"$133,754 ",2,4,0,1,0
306,$203.63 ,1,"$87,529 ",3,5,0,0,0
307,$163.06 ,1,"$81,737 ",3,2,0,0,0
308,$283.83 ,2,"$110,226 ",3,2,0,3,1
309,$134.31 ,1,"$73,371 ",3,1,0,0,0
310,$302.20 ,2,"$125,908 ",1,1,0,2,0
311,$242.40 ,2,"$121,055 ",3,1,0,1,0
312,$225.61 ,1,"$91,822 ",1,2,0,1,0
313,$202.54 ,1,"$91,173 ",2,13,0,0,1
314,$158.22 ,1,"$90,971 ",1,2,0,0,0
315,$149.05 ,1,"$72,839 ",1,2,0,0,0
316,$306.20 ,2,"$146,029 ",2,1,0,0,0
317,$225.92 ,2,"$120,664 ",1,4,0,0,0
318,$185.78 ,1,"$72,855 ",2,3,0,1,0
319,$225.05 ,1,"$79,267 ",3,6,0,1,0
320,$177.41 ,1,"$92,157 ",2,2,0,0,0
321,$163.24 ,2,"$121,255 ",2,2,0,0,0
322,$256.46 ,2,"$111,181 ",2,3,0,1,1
323,$145.88 ,1,"$70,183 ",2,1,0,0,0
324,$173.71 ,1,"$87,468 ",1,1,0,0,0
325,$194.05 ,1,"$91,828 ",2,2,0,0,0
326,$287.57 ,2,"$128,745 ",3,11,0,0,0
327,$285.44 ,1,"$88,081 ",1,16,0,1,0
328,$268.02 ,2,"$141,228 ",3,3,0,0,0
329,$155.77 ,1,"$79,870 ",2,7,0,0,0
330,$205.11 ,2,"$123,929 ",1,1,0,1,0
331,$357.67 ,2,"$142,131 ",1,2,0,2,1
332,$341.53 ,2,"$123,510 ",3,2,0,2,0
333,$165.83 ,1,"$89,867 ",1,1,0,0,0
334,$161.58 ,1,"$89,439 ",3,1,0,0,0
335,$457.49 ,3,"$111,264 ",3,3,0,3,0
336,$346.57 ,2,"$119,927 ",1,13,0,0,0
337,$370.37 ,2,"$124,105 ",3,10,0,3,0
338,$174.88 ,1,"$76,048 ",1,2,0,0,0
339,$198.73 ,1,"$82,729 ",1,2,0,1,0
340,$310.44 ,2,"$136,566 ",2,3,0,1,0
341,$344.80 ,2,"$130,129 ",3,2,0,3,0
342,$242.13 ,2,"$123,493 ",1,11,0,0,0
343,$197.39 ,1,"$85,966 ",3,2,0,0,0
344,$245.52 ,2,"$132,341 ",2,6,0,0,1
345,$161.20 ,1,"$70,037 ",1,3,0,0,0
346,$169.08 ,1,"$79,356 ",2,19,0,0,0
347,$224.15 ,1,"$89,764 ",3,10,0,0,1
348,$232.26 ,1,"$85,206 ",1,17,0,0,0
349,$166.73 ,1,"$88,766 ",3,4,1,0,0
350,$406.91 ,2,"$130,016 ",3,20,0,2,0
351,$265.96 ,2,"$135,019 ",3,2,0,1,0
352,$432.80 ,2,"$132,928 ",3,9,0,2,0
353,$318.03 ,2,"$110,396 ",3,5,0,3,0
354,$152.51 ,1,"$93,281 ",2,2,0,0,0
355,$197.04 ,1,"$87,476 ",1,17,0,0,0
356,$197.72 ,1,"$74,792 ",2,8,1,0,0
357,$121.02 ,1,"$77,950 ",2,1,0,0,0
358,$427.30 ,2,"$132,966 ",3,16,0,3,0
359,$179.26 ,1,"$78,013 ",2,2,0,0,0
360,$302.61 ,2,"$123,949 ",1,7,0,1,0
361,$137.01 ,1,"$81,592 ",3,2,0,0,0
362,$237.52 ,2,"$141,975 ",0,5,0,0,0
363,$297.77 ,3,"$137,639 ",2,5,0,0,0
364,$296.07 ,2,"$133,389 ",2,5,0,0,1
365,$217.55 ,2,"$141,742 ",2,2,0,1,0
366,$292.24 ,2,"$129,561 ",1,3,0,3,0
367,$192.40 ,1,"$86,509 ",2,9,0,0,0
368,$175.13 ,1,"$83,402 ",3,3,0,0,0
369,$150.61 ,1,"$87,407 ",2,1,0,0,0
370,$249.43 ,2,"$120,295 ",2,6,1,0,0
371,$225.68 ,1,"$86,255 ",2,9,0,0,0
372,$305.11 ,2,"$143,447 ",1,6,0,2,1
373,$243.12 ,2,"$146,265 ",1,2,0,0,0
374,$193.72 ,1,"$74,125 ",2,6,0,0,0
375,$339.58 ,2,"$142,297 ",1,18,0,2,0
376,$242.06 ,2,"$118,811 ",1,4,0,0,0
377,$214.24 ,2,"$111,250 ",1,4,0,0,1
378,$233.75 ,1,"$74,822 ",2,17,0,0,0
379,$355.40 ,2,"$143,887 ",2,16,0,1,0
380,$177.69 ,1,"$73,972 ",3,8,0,0,0
381,$202.97 ,2,"$134,658 ",3,5,1,0,0
382,$252.08 ,2,"$116,913 ",3,3,0,2,0
383,$136.96 ,1,"$79,562 ",1,3,0,0,1
384,$329.11 ,2,"$124,799 ",0,19,0,0,1
385,$261.96 ,2,"$136,913 ",3,2,0,1,0
386,$169.73 ,1,"$70,136 ",2,3,0,0,0
387,$294.68 ,2,"$133,814 ",2,2,0,2,0
388,$145.59 ,1,"$74,910 ",3,2,0,0,0
389,$196.63 ,1,"$74,112 ",1,16,0,0,0
390,$366.19 ,2,"$131,773 ",2,9,0,0,0
391,$172.14 ,1,"$81,352 ",2,2,0,0,0
392,$307.03 ,2,"$136,955 ",3,6,0,1,1
393,$202.95 ,1,"$85,188 ",3,4,0,0,0
394,$196.79 ,1,"$70,806 ",3,9,0,0,0
395,$333.41 ,3,"$126,397 ",2,6,0,0,0
396,$308.65 ,2,"$120,401 ",1,10,0,1,0
397,$203.18 ,2,"$135,307 ",2,1,0,1,0
398,$172.23 ,1,"$89,496 ",1,2,0,0,1
399,$320.90 ,2,"$119,113 ",3,7,0,0,0
400,$410.30 ,3,"$114,392 ",2,4,0,0,0
401,$465.81 ,2,"$141,731 ",0,15,0,3,0
402,$210.99 ,2,"$128,391 ",2,2,0,0,0
403,$316.65 ,2,"$122,790 ",2,3,1,0,0
404,$201.98 ,1,"$71,081 ",2,9,0,0,0
405,$308.76 ,2,"$144,515 ",3,9,0,2,1
406,$162.14 ,1,"$81,818 ",1,1,0,0,0
407,$374.67 ,2,"$122,026 ",3,14,0,2,0
408,$207.11 ,1,"$83,438 ",1,17,0,0,0
409,$220.42 ,1,"$71,066 ",2,17,0,0,0
410,$342.36 ,2,"$125,141 ",0,15,0,0,1
411,$146.48 ,1,"$76,931 ",1,3,0,0,0
412,$252.51 ,2,"$138,843 ",1,1,0,0,1
413,$370.23 ,3,"$141,338 ",1,16,0,1,0
414,$157.16 ,1,"$88,557 ",2,1,0,0,0
415,$171.87 ,1,"$84,495 ",3,3,0,0,0
416,$262.23 ,2,"$137,694 ",0,1,0,1,0
417,$204.14 ,2,"$128,802 ",2,2,0,0,0
418,$282.14 ,2,"$113,647 ",2,1,0,3,1
419,$274.98 ,2,"$122,905 ",2,10,0,0,0
420,$360.29 ,2,"$140,404 ",3,4,0,2,0
421,$137.95 ,1,"$86,891 ",1,2,0,0,1
422,$283.39 ,2,"$129,841 ",3,2,1,2,0
423,$417.20 ,2,"$133,116 ",1,9,0,3,0
424,$415.70 ,3,"$135,582 ",3,4,0,1,0
425,$157.23 ,1,"$84,427 ",2,3,0,0,1
426,$154.97 ,1,"$77,669 ",2,1,0,0,0
427,$231.16 ,1,"$90,102 ",2,7,0,0,0
428,$235.84 ,2,"$144,342 ",3,3,1,0,0
429,$220.43 ,1,"$90,073 ",2,16,0,0,0
430,$281.80 ,2,"$129,116 ",2,3,0,2,0
431,$193.72 ,2,"$133,423 ",1,3,0,0,0
432,$358.10 ,3,"$117,394 ",3,16,0,1,0
433,$290.42 ,2,"$140,178 ",2,6,0,0,0
434,$308.87 ,2,"$146,047 ",3,3,1,2,0
435,$214.57 ,1,"$82,353 ",1,12,0,0,1
436,$178.69 ,1,"$75,245 ",3,1,0,0,0
437,$437.22 ,2,"$146,008 ",2,16,0,3,1
438,$149.17 ,1,"$79,508 ",1,2,0,0,0
439,$206.89 ,1,"$79,550 ",1,14,0,0,0
440,$286.96 ,2,"$119,050 ",1,1,0,1,0
441,$346.44 ,2,"$111,965 ",1,14,0,2,0
442,$268.32 ,2,"$141,384 ",3,1,0,2,0
443,$283.92 ,2,"$125,726 ",2,8,0,1,0
444,$343.09 ,2,"$111,214 ",2,6,0,2,0
445,$182.51 ,1,"$81,037 ",3,5,0,0,0
446,$241.15 ,1,"$77,409 ",3,13,0,0,0
447,$365.07 ,3,"$122,054 ",3,10,0,0,0
448,$366.85 ,2,"$138,993 ",1,1,0,3,0
449,$181.29 ,1,"$74,109 ",2,7,0,0,0
450,$155.26 ,1,"$85,598 ",2,1,0,0,0
451,$305.11 ,3,"$120,719 ",0,4,0,0,0
452,$291.51 ,2,"$122,424 ",1,9,0,2,0
453,$196.70 ,1,"$89,342 ",1,3,0,0,0
454,$160.37 ,1,"$73,982 ",3,10,0,0,0
455,$188.51 ,1,"$87,888 ",2,2,0,0,0
456,$295.86 ,2,"$143,356 ",2,2,0,0,0
457,$339.23 ,3,"$111,183 ",3,2,0,2,0
458,$372.99 ,2,"$117,394 ",3,6,0,3,1
459,$303.40 ,2,"$115,133 ",2,7,0,0,0
460,$345.03 ,2,"$127,234 ",2,3,0,3,0
461,$185.78 ,1,"$74,482 ",1,15,0,0,0
462,$220.14 ,2,"$114,937 ",3,3,1,0,0
463,$209.66 ,1,"$86,423 ",0,3,0,1,0
464,$347.31 ,2,"$114,379 ",2,19,0,0,0
465,$239.25 ,2,"$110,337 ",0,3,0,1,0
466,$269.24 ,2,"$111,249 ",3,9,0,1,0
467,$167.40 ,1,"$76,888 ",2,8,0,0,0
468,$247.01 ,2,"$131,362 ",2,13,0,0,0
469,$389.84 ,2,"$133,002 ",1,2,0,0,0
470,$297.76 ,2,"$115,840 ",3,3,0,3,0
471,$192.81 ,2,"$117,667 ",2,1,0,0,0
472,$170.89 ,1,"$70,334 ",2,3,0,0,1
473,$136.29 ,1,"$78,307 ",1,1,0,0,1
474,$141.57 ,1,"$75,433 ",2,2,0,0,0
475,$195.07 ,1,"$91,909 ",2,16,0,0,0
476,$230.82 ,2,"$123,135 ",1,6,0,1,0
477,$193.18 ,1,"$72,429 ",3,5,0,0,0
478,$189.29 ,1,"$91,903 ",2,9,1,1,0
479,$227.42 ,1,"$79,093 ",1,13,0,0,1
480,$320.71 ,2,"$134,277 ",2,1,0,3,0
481,$172.97 ,1,"$80,440 ",1,4,0,0,0
482,$360.10 ,2,"$142,450 ",2,6,0,3,0
483,$158.09 ,1,"$81,626 ",2,2,0,0,0
484,$314.33 ,2,"$124,651 ",1,18,0,0,1
485,$433.56 ,2,"$127,819 ",3,12,0,3,0
486,$152.20 ,1,"$71,734 ",2,6,1,0,0
487,$196.70 ,2,"$119,478 ",1,7,0,0,0
488,$424.79 ,2,"$126,967 ",1,14,0,3,0
489,$192.02 ,1,"$73,652 ",3,13,0,0,1
490,$201.25 ,1,"$78,951 ",3,7,0,0,0
491,$286.20 ,2,"$129,044 ",2,3,0,0,0
492,$168.22 ,1,"$79,922 ",2,3,0,0,0
493,$305.51 ,2,"$114,347 ",2,16,0,0,0
494,$371.35 ,2,"$132,177 ",1,8,0,2,0
495,$304.97 ,2,"$137,334 ",3,2,0,0,1
496,$313.05 ,2,"$143,178 ",1,1,0,0,0
497,$159.83 ,1,"$75,487 ",2,3,0,0,0
498,$164.90 ,1,"$73,966 ",3,6,0,0,1
499,$229.41 ,1,"$88,925 ",2,8,0,0,0
500,$168.83 ,1,"$73,178 ",3,6,0,0,0
501,$119.93 ,1,"$78,063 ",1,2,0,0,1
502,$234.44 ,1,"$90,218 ",3,10,0,1,0
503,$288.35 ,2,"$124,166 ",2,4,0,0,0
504,$285.59 ,2,"$113,726 ",1,20,0,0,0
505,$369.13 ,2,"$117,788 ",3,8,0,2,0
506,$182.25 ,1,"$91,637 ",2,6,0,0,0
507,$330.93 ,2,"$114,733 ",3,20,1,3,0
508,$161.97 ,1,"$88,253 ",2,3,0,0,0
509,$262.30 ,2,"$110,721 ",1,1,0,2,1
510,$149.18 ,1,"$72,356 ",2,3,0,0,0
511,$413.29 ,2,"$141,083 ",1,12,0,3,1
512,$329.95 ,2,"$136,768 ",3,1,0,3,0
513,$198.18 ,1,"$75,718 ",3,14,0,0,0
514,$155.61 ,1,"$70,095 ",2,4,0,0,0
515,$198.67 ,1,"$89,064 ",3,3,0,0,0
516,$250.88 ,2,"$114,476 ",2,1,0,1,0
517,$175.21 ,1,"$76,557 ",2,2,0,0,0
518,$185.04 ,1,"$86,797 ",3,1,0,0,0
519,$321.34 ,2,"$143,227 ",1,6,0,2,1
520,$383.12 ,2,"$117,189 ",2,16,0,3,0
521,$247.03 ,2,"$117,670 ",3,2,0,0,0
522,$159.95 ,1,"$75,092 ",1,6,0,0,0
523,$311.07 ,2,"$119,061 ",2,3,0,2,0
524,$201.41 ,1,"$92,349 ",2,9,0,0,0
525,$178.40 ,1,"$79,446 ",3,2,0,0,0
526,$292.47 ,2,"$134,407 ",3,12,0,0,0
527,$344.94 ,2,"$132,771 ",1,4,0,1,0
528,$339.93 ,2,"$114,429 ",3,10,0,2,0
529,$178.73 ,1,"$89,697 ",2,1,0,1,0
530,$305.43 ,2,"$136,249 ",2,3,0,1,0
531,$224.80 ,2,"$128,994 ",2,5,0,0,0
532,$205.32 ,1,"$70,880 ",2,10,0,0,1
533,$146.32 ,1,"$76,885 ",1,3,0,0,0
534,$261.27 ,2,"$127,672 ",1,2,1,0,0
535,$232.47 ,1,"$82,737 ",1,2,0,1,1
536,$180.10 ,1,"$92,323 ",1,15,0,0,0
537,$198.40 ,1,"$70,086 ",2,13,0,0,0
538,$158.82 ,1,"$70,189 ",3,2,0,0,1
539,$362.14 ,2,"$126,366 ",3,16,0,2,0
540,$171.53 ,1,"$84,586 ",2,2,0,0,0
541,$140.63 ,1,"$79,952 ",1,2,0,0,0
542,$159.91 ,1,"$73,427 ",1,7,0,0,0
543,$193.95 ,1,"$76,925 ",3,20,0,0,0
544,$256.10 ,2,"$124,953 ",3,10,0,0,0
545,$212.24 ,1,"$74,917 ",0,16,0,0,0
546,$357.46 ,2,"$130,969 ",3,5,0,3,0
547,$167.33 ,1,"$83,724 ",2,3,0,0,0
548,$192.33 ,1,"$83,427 ",2,6,0,0,0
549,$188.22 ,1,"$85,835 ",3,5,0,0,0
550,$398.74 ,2,"$141,467 ",3,8,0,0,0
551,$178.87 ,1,"$86,296 ",2,3,0,0,0
552,$221.92 ,2,"$143,831 ",1,3,1,0,0
553,$201.25 ,1,"$88,112 ",3,12,0,0,0
554,$361.82 ,2,"$129,822 ",2,20,0,1,1
555,$342.25 ,2,"$118,511 ",2,20,0,2,0
556,$282.02 ,2,"$110,327 ",2,3,0,0,0
557,$357.85 ,2,"$134,488 ",3,2,0,2,0
558,$290.20 ,2,"$134,797 ",2,7,0,0,0
559,$190.70 ,1,"$77,179 ",1,6,0,0,0
560,$318.51 ,2,"$116,311 ",3,2,0,3,0
561,$254.43 ,1,"$89,222 ",2,19,0,0,0
562,$300.59 ,2,"$138,238 ",1,6,0,0,0
563,$252.42 ,2,"$110,925 ",3,3,0,0,0
564,$222.84 ,1,"$83,523 ",2,14,0,0,0
565,$281.32 ,2,"$113,436 ",1,1,0,0,1
566,$211.15 ,1,"$89,408 ",2,2,0,0,0
567,$417.80 ,2,"$143,875 ",3,9,0,3,0
568,$307.24 ,2,"$120,547 ",2,6,0,3,0
569,$332.16 ,2,"$116,693 ",3,5,0,3,0
570,$208.47 ,1,"$85,538 ",1,10,0,0,0
571,$165.69 ,1,"$80,678 ",3,8,0,0,0
572,$303.81 ,2,"$125,502 ",2,16,0,0,0
573,$239.48 ,1,"$71,899 ",2,20,0,0,0
574,$294.46 ,2,"$131,892 ",1,3,0,0,0
575,$143.29 ,1,"$91,569 ",3,2,1,0,0
576,$261.55 ,2,"$138,302 ",3,5,0,0,1
577,$292.62 ,2,"$127,189 ",1,1,0,0,0
578,$148.82 ,1,"$78,300 ",3,4,0,0,0
579,$232.08 ,1,"$85,622 ",2,13,0,0,0
580,$233.53 ,2,"$115,635 ",3,1,0,3,0
581,$289.86 ,2,"$141,879 ",2,14,0,0,0
582,$197.29 ,1,"$87,662 ",1,18,0,0,1
583,$230.48 ,1,"$75,020 ",2,16,0,0,0
584,$191.42 ,1,"$89,048 ",1,3,0,1,0
585,$195.84 ,1,"$79,473 ",1,20,0,0,0
586,$306.61 ,2,"$127,238 ",3,3,0,0,0
587,$246.87 ,1,"$90,599 ",3,19,0,0,0
588,$271.47 ,2,"$115,682 ",1,4,0,0,0
589,$336.07 ,2,"$146,041 ",2,2,0,0,0
590,$179.78 ,1,"$72,082 ",3,13,1,0,1
591,$421.32 ,3,"$129,213 ",1,3,0,3,0
592,$183.35 ,1,"$89,782 ",0,2,0,0,0
593,$245.11 ,1,"$90,780 ",1,13,0,1,0
594,$158.05 ,1,"$83,715 ",1,2,0,0,0
595,$366.38 ,2,"$139,903 ",3,3,0,1,0
596,$183.94 ,1,"$75,362 ",2,20,0,0,0
597,$208.77 ,1,"$80,823 ",0,12,0,0,1
598,$204.81 ,1,"$70,670 ",2,8,0,0,1
599,$186.47 ,1,"$78,245 ",1,3,0,0,0
600,$186.94 ,1,"$79,238 ",1,5,0,0,0
601,$202.00 ,1,"$89,604 ",1,4,0,0,0
602,$153.27 ,1,"$79,917 ",1,1,0,0,0
603,$320.06 ,2,"$122,644 ",2,4,0,2,0
604,$177.16 ,1,"$91,115 ",2,3,0,0,0
605,$166.63 ,1,"$88,977 ",2,5,0,0,0
606,$187.01 ,1,"$87,135 ",2,2,0,0,0
607,$193.08 ,1,"$84,957 ",3,1,0,0,0
608,$299.50 ,2,"$144,080 ",2,4,0,2,0
609,$215.88 ,1,"$90,831 ",2,15,0,0,0
610,$176.88 ,1,"$92,435 ",3,1,0,1,1
611,$227.66 ,1,"$87,253 ",3,14,0,0,0
612,$239.63 ,1,"$90,777 ",1,16,0,0,0
613,$299.76 ,2,"$130,138 ",2,8,0,0,0
614,$144.50 ,1,"$74,400 ",1,1,0,0,1
615,$341.76 ,2,"$115,760 ",2,2,0,2,1
616,$160.09 ,1,"$71,547 ",2,5,0,0,1
617,$263.58 ,2,"$116,253 ",1,11,0,0,0
618,$181.37 ,1,"$93,071 ",1,3,0,0,0
619,$422.17 ,2,"$134,229 ",1,19,0,3,0
620,$340.64 ,2,"$124,000 ",2,2,0,3,0
621,$387.75 ,2,"$136,029 ",3,14,0,1,0
622,$239.90 ,3,"$128,870 ",3,1,0,1,1
623,$179.77 ,1,"$71,887 ",3,4,0,0,0
624,$212.80 ,1,"$91,099 ",1,13,0,0,0
625,$367.90 ,2,"$126,092 ",2,6,0,2,1
626,$165.14 ,1,"$79,062 ",2,1,0,0,0
627,$151.86 ,1,"$75,593 ",1,2,0,0,0
628,$177.59 ,1,"$88,562 ",1,4,0,0,1
629,$166.27 ,1,"$84,107 ",1,4,0,0,0
630,$169.54 ,1,"$80,835 ",2,5,1,0,0
631,$208.71 ,1,"$88,963 ",2,10,0,0,0
632,$295.08 ,2,"$130,449 ",2,1,0,3,0
633,$305.51 ,2,"$111,164 ",3,12,0,0,1
634,$156.15 ,1,"$71,038 ",3,7,0,0,0
635,$176.80 ,1,"$91,547 ",3,4,0,0,1
636,$206.34 ,1,"$81,562 ",1,14,0,0,0
637,$148.09 ,1,"$71,548 ",1,1,0,0,0
638,$221.76 ,1,"$85,300 ",3,8,0,0,0
639,$329.29 ,2,"$132,339 ",3,12,0,1,0
640,$273.74 ,2,"$144,452 ",0,5,0,0,0
641,$199.12 ,1,"$88,474 ",2,6,0,0,0
642,$217.40 ,2,"$125,712 ",2,17,0,1,0
643,$134.56 ,1,"$75,370 ",3,1,0,0,0
644,$354.84 ,2,"$118,818 ",1,6,0,3,0
645,$234.45 ,1,"$86,209 ",2,19,0,0,0
646,$274.99 ,2,"$123,715 ",3,12,1,0,0
647,$222.95 ,2,"$114,840 ",2,2,0,0,0
648,$203.82 ,1,"$80,004 ",2,19,0,0,0
649,$226.65 ,1,"$89,398 ",2,19,0,0,0
650,$270.79 ,2,"$112,698 ",3,5,0,2,0
651,$346.69 ,2,"$119,479 ",2,14,0,2,0
652,$379.53 ,2,"$135,171 ",1,6,0,2,0
653,$322.66 ,2,"$145,144 ",1,5,0,0,0
654,$344.57 ,2,"$135,312 ",1,4,0,1,0
655,$216.97 ,1,"$91,192 ",3,2,0,1,0
656,$203.56 ,1,"$86,117 ",0,4,0,1,1
657,$348.03 ,3,"$136,030 ",2,5,1,0,0
658,$196.05 ,1,"$90,312 ",3,3,0,1,0
659,$194.33 ,1,"$80,083 ",1,17,0,0,0
660,$200.54 ,1,"$85,381 ",1,13,0,0,0
661,$124.44 ,1,"$81,444 ",1,1,0,0,0
662,$225.07 ,1,"$91,694 ",2,19,0,0,0
663,$352.51 ,2,"$138,404 ",1,2,0,3,1
664,$144.23 ,1,"$74,456 ",1,6,0,0,0
665,$213.35 ,1,"$74,788 ",3,8,0,0,1
666,$141.23 ,1,"$81,600 ",0,3,0,0,1
667,$167.86 ,1,"$84,046 ",2,2,0,1,1
668,$251.15 ,2,"$120,432 ",3,3,0,0,1
669,$214.45 ,2,"$142,142 ",1,3,0,0,0
670,$258.30 ,2,"$121,825 ",3,2,0,0,0
671,$266.76 ,2,"$125,467 ",3,10,0,0,0
672,$230.52 ,1,"$70,133 ",1,3,0,1,0
673,$302.56 ,2,"$124,803 ",1,2,0,2,0
674,$314.15 ,2,"$120,488 ",2,2,0,3,0
675,$334.86 ,3,"$110,568 ",1,2,0,3,0
676,$159.87 ,1,"$73,955 ",1,2,0,0,0
677,$351.48 ,2,"$145,669 ",3,4,0,1,1
678,$244.21 ,2,"$129,078 ",1,4,0,0,0
679,$188.29 ,1,"$72,654 ",2,18,0,0,0
680,$141.74 ,1,"$87,481 ",3,1,0,0,0
681,$377.03 ,2,"$143,208 ",1,6,0,2,0
682,$152.47 ,1,"$80,168 ",1,2,0,0,0
683,$172.20 ,1,"$91,822 ",3,2,0,0,0
684,$255.55 ,3,"$135,384 ",2,1,0,1,0
685,$178.49 ,1,"$83,756 ",1,3,0,0,0
686,$210.50 ,1,"$76,917 ",1,5,0,1,0
687,$306.63 ,2,"$117,703 ",3,11,0,1,0
688,$204.95 ,1,"$72,479 ",1,1,0,1,1
689,$243.88 ,1,"$70,957 ",3,19,0,1,0
690,$176.87 ,1,"$91,219 ",1,2,0,0,0
691,$135.53 ,1,"$71,728 ",1,4,0,0,0
692,$365.63 ,2,"$122,401 ",2,10,0,1,1
693,$174.86 ,1,"$89,510 ",2,7,0,0,0
694,$149.03 ,1,"$75,778 ",2,3,1,0,0
695,$232.87 ,2,"$111,512 ",1,4,0,2,1
696,$332.13 ,2,"$139,240 ",2,18,0,0,0
697,$413.26 ,2,"$119,261 ",1,3,0,3,0
698,$178.18 ,1,"$85,334 ",2,10,0,0,1
699,$332.73 ,2,"$124,486 ",2,4,1,2,0
700,$191.86 ,1,"$70,559 ",2,7,0,0,0
701,$271.68 ,2,"$144,044 ",3,13,0,0,0
702,$283.83 ,2,"$118,678 ",1,8,0,0,0
703,$295.25 ,2,"$136,136 ",2,14,1,2,0
704,$144.78 ,1,"$76,819 ",1,1,0,0,0
705,$220.20 ,1,"$90,286 ",1,18,1,0,0
706,$394.76 ,2,"$123,355 ",2,12,0,3,0
707,$166.08 ,1,"$71,848 ",2,10,0,0,0
708,$249.78 ,2,"$142,648 ",3,4,0,0,0
709,$206.63 ,1,"$85,764 ",2,8,0,0,0
710,$199.88 ,1,"$71,430 ",2,8,0,1,1
711,$228.77 ,1,"$71,740 ",3,11,0,1,0
712,$177.13 ,1,"$78,078 ",0,9,0,0,1
713,$184.12 ,1,"$72,947 ",1,2,0,1,0
714,$257.81 ,1,"$92,347 ",1,11,0,1,0
715,$372.89 ,2,"$144,681 ",2,2,0,2,0
716,$391.91 ,2,"$145,583 ",2,5,0,3,1
717,$226.58 ,1,"$76,113 ",2,5,0,1,0
718,$213.24 ,2,"$139,584 ",2,3,0,0,0
719,$171.11 ,1,"$90,016 ",1,2,0,0,0
720,$275.86 ,2,"$117,471 ",3,1,0,3,0
721,$346.21 ,2,"$133,124 ",2,1,0,2,0
722,$428.21 ,3,"$126,068 ",2,17,0,3,0
723,$348.66 ,2,"$146,611 ",3,9,0,3,1
724,$353.84 ,2,"$140,350 ",1,12,0,0,1
725,$195.52 ,1,"$74,476 ",3,7,0,0,1
726,$363.91 ,2,"$125,379 ",3,13,0,2,0
727,$365.81 ,2,"$132,892 ",0,7,0,1,1
728,$210.97 ,1,"$76,653 ",3,6,0,0,0
729,$405.22 ,2,"$143,431 ",3,8,0,3,0
730,$234.23 ,1,"$91,499 ",2,7,0,1,0
731,$116.19 ,1,"$92,225 ",2,1,0,0,0
732,$159.05 ,1,"$73,690 ",0,7,0,0,0
733,$284.66 ,2,"$115,500 ",2,4,0,0,0
734,$384.10 ,3,"$143,718 ",3,2,0,2,0
735,$285.86 ,2,"$115,733 ",3,1,0,2,0
736,$342.21 ,2,"$130,365 ",1,20,0,0,0
737,$343.18 ,2,"$120,806 ",3,20,0,0,0
738,$153.21 ,1,"$72,734 ",3,2,0,0,0
739,$301.71 ,2,"$118,524 ",1,4,0,2,0
740,$197.84 ,1,"$92,089 ",3,8,0,0,1
741,$162.69 ,1,"$82,511 ",2,1,0,1,1
742,$289.83 ,2,"$135,689 ",2,3,1,1,1
743,$159.41 ,1,"$73,988 ",3,2,0,0,0
744,$175.81 ,2,"$115,499 ",0,4,0,0,0
745,$189.62 ,3,"$120,210 ",1,2,0,0,1
746,$202.91 ,1,"$74,899 ",1,9,0,0,0
747,$197.63 ,1,"$92,425 ",1,11,1,0,0
748,$191.27 ,1,"$76,380 ",2,7,0,0,0
749,$379.50 ,2,"$127,471 ",1,7,0,3,0
750,$309.47 ,2,"$111,178 ",3,5,0,1,0
751,$187.66 ,1,"$78,846 ",2,1,0,1,0
752,$362.48 ,2,"$116,583 ",3,7,0,3,0
753,$213.00 ,1,"$85,984 ",1,6,0,0,0
754,$369.82 ,3,"$146,448 ",2,19,0,0,0
755,$157.02 ,1,"$81,206 ",2,3,0,0,0
756,$203.79 ,1,"$85,424 ",3,15,0,0,0
757,$286.69 ,2,"$125,619 ",3,6,0,1,1
758,$195.35 ,1,"$70,306 ",2,10,0,0,0
759,$166.58 ,1,"$78,014 ",1,8,0,0,1
760,$406.39 ,2,"$126,715 ",3,14,0,3,0
761,$167.45 ,1,"$90,727 ",1,2,0,0,0
762,$314.32 ,2,"$119,903 ",2,8,0,3,0
763,$135.58 ,1,"$88,198 ",1,1,0,0,0
764,$207.66 ,1,"$91,411 ",2,6,0,0,0
765,$366.94 ,2,"$133,449 ",3,3,0,2,0
766,$266.76 ,2,"$133,091 ",2,4,0,0,0
767,$151.31 ,1,"$71,509 ",1,5,0,0,0
768,$200.98 ,1,"$89,374 ",3,5,0,0,0
769,$205.98 ,1,"$89,191 ",1,12,0,0,0
770,$332.79 ,2,"$127,894 ",1,1,0,3,0
771,$313.25 ,2,"$142,484 ",1,4,0,0,0
772,$176.29 ,1,"$79,441 ",2,11,0,0,1
773,$317.11 ,2,"$123,965 ",1,1,0,1,0
774,$322.81 ,2,"$143,338 ",1,2,0,1,0
775,$336.25 ,2,"$114,364 ",3,2,0,1,1
776,$163.22 ,1,"$75,600 ",2,5,0,0,0
777,$146.57 ,1,"$87,024 ",1,1,0,0,0
778,$125.34 ,1,"$80,966 ",2,2,1,0,0
779,$239.54 ,2,"$117,718 ",2,1,0,2,0
780,$136.30 ,1,"$84,447 ",2,2,0,0,0
781,$105.97 ,1,"$72,517 ",1,1,0,0,0
782,$434.05 ,2,"$127,318 ",1,10,0,2,1
783,$128.66 ,1,"$79,941 ",2,6,0,0,0
784,$275.36 ,2,"$130,770 ",2,1,0,3,0
785,$143.87 ,1,"$77,273 ",2,1,0,0,0
786,$225.98 ,1,"$92,185 ",3,11,0,0,0
787,$388.77 ,2,"$118,289 ",1,8,0,3,0
788,$139.65 ,1,"$72,803 ",2,2,0,0,0
789,$461.53 ,2,"$120,943 ",2,5,0,2,0
790,$167.48 ,1,"$72,896 ",3,5,0,0,0
791,$315.60 ,2,"$132,769 ",3,1,1,1,0
792,$227.75 ,2,"$125,792 ",3,3,0,1,0
793,$228.69 ,2,"$124,109 ",3,9,0,0,0
794,$190.64 ,1,"$86,134 ",0,4,0,0,0
795,$225.44 ,2,"$113,438 ",3,1,0,1,0
796,$196.09 ,1,"$76,871 ",3,16,0,0,0
797,$189.52 ,1,"$88,959 ",1,6,0,0,1
798,$419.99 ,2,"$142,745 ",1,11,0,3,0
799,$381.41 ,2,"$121,666 ",3,5,0,2,0
800,$159.42 ,1,"$89,732 ",2,2,1,0,0
801,$279.98 ,2,"$122,332 ",3,10,0,0,1
802,$183.52 ,1,"$91,979 ",2,3,0,0,1
803,$146.41 ,1,"$83,305 ",1,2,0,0,1
804,$298.49 ,2,"$111,666 ",2,3,0,0,0
805,$280.84 ,2,"$144,527 ",2,4,0,0,0
806,$160.49 ,1,"$85,415 ",2,2,0,0,0
807,$309.27 ,2,"$122,033 ",2,15,0,0,0
808,$181.35 ,1,"$86,715 ",2,6,0,0,0
809,$212.98 ,1,"$80,429 ",1,4,0,1,0
810,$167.45 ,1,"$81,028 ",1,2,0,0,0
811,$182.52 ,1,"$84,349 ",3,1,0,1,0
812,$180.26 ,1,"$82,863 ",2,4,0,0,0
813,$305.31 ,2,"$116,513 ",3,4,0,0,0
814,$161.07 ,1,"$70,372 ",2,1,0,0,0
815,$150.16 ,1,"$77,746 ",1,3,0,0,0
816,$307.40 ,2,"$132,258 ",2,7,0,0,0
817,$319.72 ,2,"$135,440 ",3,13,0,1,0
818,$217.46 ,2,"$110,211 ",3,3,1,0,1
819,$302.93 ,2,"$120,024 ",3,1,0,0,0
820,$216.85 ,2,"$135,696 ",0,3,0,0,0
821,$194.13 ,1,"$77,763 ",2,8,0,0,0
822,$207.07 ,1,"$82,623 ",1,4,0,0,0
823,$158.31 ,1,"$75,195 ",1,9,0,0,0
824,$267.91 ,2,"$110,193 ",3,8,0,0,0
825,$219.60 ,1,"$82,834 ",3,14,0,0,0
826,$350.04 ,2,"$137,504 ",3,11,0,1,0
827,$150.96 ,1,"$77,872 ",1,2,0,0,0
828,$371.01 ,2,"$129,768 ",1,19,0,2,0
829,$190.82 ,1,"$71,687 ",3,16,0,0,0
830,$375.76 ,2,"$116,877 ",1,9,0,2,1
831,$276.64 ,2,"$120,682 ",2,1,0,1,0
832,$396.34 ,2,"$138,323 ",2,13,0,2,0
833,$294.91 ,2,"$126,422 ",1,5,0,0,0
834,$356.72 ,2,"$144,519 ",1,13,0,0,0
835,$191.13 ,1,"$91,774 ",1,1,0,0,0
836,$230.64 ,1,"$71,877 ",2,17,0,0,0
837,$338.81 ,2,"$139,206 ",1,16,1,0,0
838,$202.30 ,1,"$85,945 ",2,3,0,1,1
839,$480.03 ,3,"$130,824 ",1,2,0,0,1
840,$192.10 ,1,"$77,298 ",1,10,0,0,0
841,$117.52 ,1,"$82,485 ",2,2,0,0,1
842,$352.40 ,3,"$145,588 ",3,3,0,0,0
843,$327.09 ,2,"$139,963 ",1,10,0,0,0
844,$178.73 ,1,"$75,068 ",3,2,0,0,0
845,$188.30 ,1,"$90,217 ",2,4,0,1,0
846,$208.78 ,1,"$86,557 ",2,5,0,1,0
847,$239.44 ,1,"$92,681 ",3,19,0,1,0
848,$400.35 ,2,"$124,610 ",1,10,0,3,0
849,$317.04 ,2,"$132,175 ",1,13,1,0,0
850,$300.65 ,2,"$126,818 ",2,14,0,0,1
851,$377.86 ,2,"$135,928 ",1,17,0,2,1
852,$178.78 ,1,"$78,470 ",1,1,0,0,0
853,$184.63 ,1,"$85,869 ",3,10,0,0,0
854,$379.83 ,2,"$124,738 ",3,3,0,3,0
855,$142.66 ,1,"$85,118 ",3,1,1,0,0
856,$118.41 ,1,"$87,062 ",0,2,0,0,0
857,$191.23 ,1,"$86,044 ",1,3,0,1,0
858,$304.09 ,2,"$110,106 ",0,4,1,1,0
859,$237.47 ,2,"$138,352 ",2,2,0,0,1
860,$251.17 ,1,"$74,648 ",2,18,0,1,0
861,$201.11 ,1,"$80,470 ",2,2,0,1,1
862,$172.56 ,1,"$77,969 ",0,4,1,1,1
863,$259.82 ,2,"$110,714 ",2,3,0,0,0
864,$190.99 ,1,"$88,497 ",3,12,0,0,0
865,$140.46 ,1,"$74,787 ",3,1,0,0,0
866,$150.84 ,1,"$84,968 ",1,3,1,0,0
867,$212.76 ,1,"$86,116 ",3,16,0,0,0
868,$336.38 ,2,"$125,180 ",3,20,0,0,0
869,$156.08 ,1,"$90,068 ",2,3,0,0,0
870,$296.80 ,2,"$121,106 ",2,18,0,0,0
871,$157.54 ,1,"$81,906 ",3,2,0,0,0
872,$163.59 ,1,"$85,799 ",1,2,0,0,0
873,$329.18 ,2,"$111,481 ",1,12,0,0,0
874,$373.33 ,2,"$118,206 ",3,11,0,3,0
875,$353.46 ,2,"$128,049 ",1,4,0,2,0
876,$178.94 ,1,"$74,347 ",2,3,0,0,0
877,$338.83 ,2,"$118,422 ",1,11,0,1,0
878,$222.16 ,1,"$91,348 ",1,4,0,1,0
879,$254.93 ,2,"$122,406 ",3,1,0,2,0
880,$177.69 ,1,"$84,052 ",1,11,0,0,0
881,$242.59 ,2,"$121,884 ",1,6,0,1,0
882,$323.61 ,2,"$127,123 ",2,2,0,1,0
883,$135.54 ,1,"$86,908 ",1,1,1,0,0
884,$160.90 ,1,"$83,206 ",1,3,0,0,0
885,$343.08 ,2,"$137,321 ",3,18,0,0,0
886,$265.83 ,1,"$90,526 ",0,17,1,1,0
887,$197.00 ,1,"$80,586 ",1,2,0,1,1
888,$198.91 ,1,"$90,349 ",3,5,0,0,0
889,$154.42 ,1,"$73,013 ",1,7,1,0,0
890,$162.08 ,1,"$86,040 ",3,1,0,0,0
891,$198.35 ,1,"$71,626 ",1,2,0,1,1
892,$223.31 ,2,"$118,310 ",3,3,0,1,0
893,$176.93 ,1,"$86,620 ",1,7,0,0,0
894,$139.71 ,1,"$80,462 ",1,2,0,0,0
895,$255.58 ,1,"$80,882 ",3,10,0,1,0
896,$411.61 ,2,"$118,955 ",2,16,0,3,0
897,$185.05 ,1,"$70,042 ",2,10,0,0,0
898,$177.47 ,1,"$86,743 ",3,5,0,0,0
899,$398.38 ,2,"$141,806 ",2,6,0,3,0
900,$297.85 ,2,"$127,489 ",2,9,0,2,0
901,$168.24 ,1,"$83,805 ",1,3,0,0,0
902,$224.11 ,1,"$77,110 ",1,13,1,0,0
903,$206.06 ,1,"$92,001 ",3,12,0,0,0
904,$324.80 ,2,"$120,338 ",3,4,0,1,0
905,$414.49 ,2,"$127,979 ",2,5,0,3,0
906,$194.79 ,1,"$91,380 ",2,3,0,0,0
907,$164.10 ,1,"$80,065 ",3,3,0,0,0
908,$155.83 ,1,"$89,203 ",1,3,0,0,0
909,$441.27 ,2,"$146,367 ",3,9,0,3,0
910,$287.77 ,2,"$117,100 ",1,17,0,0,0
911,$211.85 ,1,"$70,216 ",3,18,0,0,0
912,$308.87 ,2,"$144,765 ",3,4,0,1,0
913,$312.65 ,2,"$139,881 ",1,16,0,0,0
914,$304.75 ,2,"$111,052 ",1,1,0,3,0
915,$215.15 ,2,"$117,181 ",3,3,0,0,1
916,$261.85 ,2,"$122,785 ",2,3,0,0,0
917,$169.13 ,1,"$83,502 ",1,1,0,0,0
918,$206.68 ,1,"$90,019 ",1,15,0,0,0
919,$262.36 ,2,"$128,772 ",2,1,0,1,0
920,$323.68 ,2,"$130,970 ",2,15,0,0,0
921,$271.06 ,2,"$134,919 ",2,8,0,0,0
922,$396.34 ,3,"$121,403 ",0,6,0,2,0
923,$231.96 ,1,"$84,873 ",2,8,0,0,0
924,$146.91 ,1,"$73,718 ",3,1,0,0,0
925,$340.04 ,3,"$123,314 ",2,6,1,1,0
926,$304.99 ,2,"$146,048 ",3,11,0,0,0
927,$398.25 ,2,"$134,159 ",2,4,0,3,0
928,$288.22 ,2,"$119,981 ",0,5,1,0,0
929,$254.31 ,1,"$76,837 ",1,15,0,0,0
930,$191.02 ,1,"$74,948 ",3,10,1,0,0
931,$175.15 ,1,"$80,693 ",1,5,0,0,1
932,$180.54 ,1,"$74,545 ",1,16,0,0,0
933,$447.68 ,2,"$128,502 ",2,12,0,1,0
934,$197.26 ,2,"$121,452 ",3,1,0,2,0
935,$354.56 ,2,"$128,296 ",3,2,0,2,0
936,$304.83 ,2,"$139,127 ",2,1,0,1,0
937,$216.03 ,2,"$117,864 ",1,3,0,0,0
938,$173.49 ,1,"$85,348 ",2,2,0,0,0
939,$170.26 ,1,"$72,391 ",2,6,0,0,0
940,$183.18 ,1,"$75,643 ",2,3,0,0,0
941,$279.48 ,2,"$117,967 ",3,19,0,1,0
942,$203.15 ,1,"$87,295 ",0,4,0,0,0
943,$293.85 ,2,"$141,090 ",0,8,0,0,0
944,$402.37 ,2,"$135,966 ",1,10,0,3,0
945,$139.63 ,1,"$77,029 ",2,1,1,0,0
946,$261.75 ,2,"$121,587 ",3,17,0,0,0
947,$315.83 ,2,"$120,257 ",3,2,0,2,0
948,$201.49 ,1,"$90,807 ",2,4,0,0,0
949,$365.65 ,2,"$138,854 ",2,14,0,3,0
950,$274.10 ,2,"$136,603 ",1,2,0,1,0
951,$188.77 ,1,"$88,686 ",3,19,0,0,0
952,$188.78 ,1,"$72,362 ",2,13,0,1,0
953,$196.53 ,1,"$91,656 ",3,2,0,0,1
954,$299.98 ,2,"$130,122 ",3,2,0,2,0
955,$227.38 ,1,"$84,160 ",1,16,0,1,0
956,$181.81 ,1,"$83,899 ",1,3,0,0,0
957,$297.00 ,2,"$115,552 ",3,10,0,2,0
958,$148.46 ,1,"$78,961 ",3,2,0,0,0
959,$283.18 ,2,"$112,212 ",2,10,0,1,0
960,$167.79 ,1,"$76,468 ",3,12,0,0,1
961,$326.62 ,2,"$124,035 ",2,13,0,0,1
962,$391.58 ,2,"$123,869 ",3,3,0,2,0
963,$204.75 ,1,"$89,673 ",1,8,1,0,0
964,$359.33 ,2,"$138,618 ",1,5,0,3,0
965,$253.22 ,1,"$89,242 ",1,20,0,0,0
966,$324.47 ,3,"$137,647 ",3,9,0,3,0
967,$412.27 ,2,"$139,831 ",2,19,0,2,0
968,$204.44 ,1,"$81,269 ",3,4,0,0,0
969,$204.73 ,1,"$90,855 ",2,3,0,0,0
970,$365.97 ,2,"$132,354 ",1,4,0,3,0
971,$218.80 ,1,"$88,152 ",2,15,0,0,1
972,$145.15 ,1,"$70,572 ",2,5,0,0,0
973,$175.51 ,1,"$74,846 ",3,16,0,0,0
974,$333.56 ,2,"$145,429 ",2,19,0,1,0
975,$364.42 ,2,"$129,836 ",2,11,0,0,0
976,$435.06 ,3,"$132,991 ",3,2,0,3,0
977,$292.37 ,2,"$138,625 ",1,4,1,0,0
978,$230.76 ,2,"$115,891 ",3,19,0,0,0
979,$314.10 ,2,"$110,726 ",1,10,0,1,1
980,$352.33 ,2,"$141,083 ",3,8,0,2,0
981,$234.02 ,1,"$70,730 ",3,18,0,1,0
982,$151.24 ,1,"$78,166 ",2,5,1,1,0
983,$508.41 ,3,"$138,149 ",1,2,0,3,0
984,$167.22 ,1,"$73,687 ",2,2,0,0,0
985,$157.68 ,1,"$78,444 ",3,2,0,0,0
986,$344.55 ,2,"$121,349 ",0,5,1,3,0
987,$381.91 ,2,"$145,279 ",3,2,0,3,0
988,$262.87 ,2,"$130,839 ",1,1,0,1,0
989,$172.84 ,1,"$78,892 ",1,10,0,0,0
990,$127.21 ,1,"$81,881 ",2,1,0,1,1
991,$348.39 ,2,"$133,868 ",2,12,0,0,1
992,$344.43 ,2,"$143,953 ",1,5,0,2,0
993,$303.98 ,2,"$122,397 ",3,2,0,1,0
994,$243.30 ,2,"$125,762 ",1,3,0,0,0
995,$328.03 ,3,"$131,641 ",2,10,0,1,0
996,$274.18 ,2,"$116,932 ",2,2,0,0,0
997,$429.39 ,3,"$145,577 ",3,8,0,0,1
998,$245.56 ,2,"$113,220 ",1,1,0,0,1
999,$340.18 ,2,"$144,821 ",1,4,0,3,0
1000,$352.80 ,2,"$143,695 ",3,8,0,3,0
